{
    "Kipp": [
        0.4482758620689655,
        0.5172413793103449,
        0.5517241379310345,
        0.5172413793103449,
        0.5862068965517241,
        0.0,
        0.0,
        0.0,
        0.4827586206896552,
        0.4482758620689655,
        0.0,
        0.5862068965517241,
        0.5862068965517241,
        0.6206896551724138,
        0.5862068965517241,
        0.6206896551724138,
        0.6206896551724138,
        0.5172413793103449,
        0.5862068965517241,
        0.5862068965517241,
        0.6206896551724138,
        0.6206896551724138,
        0.6551724137931034,
        0.6551724137931034,
        0.6551724137931034,
        0.0,
        0.6896551724137931,
        0.6896551724137931,
        0.7241379310344828,
        0.7241379310344828,
        0.6896551724137931,
        0.6896551724137931,
        0.6206896551724138,
        0.6896551724137931,
        0.6896551724137931,
        0.6896551724137931,
        0.7142857142857143,
        0.7241379310344828,
        0.7241379310344828,
        0.7241379310344828,
        0.7241379310344828,
        0.7241379310344828,
        0.7241379310344828,
        0.6896551724137931,
        0.6551724137931034,
        0.6551724137931034,
        0.0
    ],
    "Beacon": [
        0.6086956521739131,
        0.6521739130434783,
        0.782608695652174,
        0.6521739130434783,
        0.6956521739130435,
        0.7391304347826086,
        0.7391304347826086,
        0.7391304347826086,
        0.7391304347826086,
        0.6086956521739131,
        0.782608695652174,
        0.7391304347826086,
        0.7391304347826086,
        0.8260869565217391,
        0.9130434782608695,
        0.9130434782608695,
        0.8260869565217391,
        0.8695652173913043,
        0.9130434782608695,
        0.9130434782608695,
        0.9130434782608695,
        0.9565217391304348,
        0.9130434782608695,
        0.9130434782608695,
        1.0,
        0.9565217391304348,
        1.0,
        1.0,
        1.0,
        0.782608695652174,
        0.9565217391304348,
        1.0,
        1.0,
        0.8260869565217391,
        0.8695652173913043,
        0.9130434782608695,
        0.9565217391304348,
        0.8695652173913043,
        0.9565217391304348,
        1.0,
        0.9565217391304348,
        0.9565217391304348,
        1.0,
        0.9565217391304348,
        0.9130434782608695,
        0.0,
        0.0
    ],
    "Santa Clara": [
        0.32608695652173914,
        0.391304347826087,
        0.41304347826086957,
        0.45652173913043476,
        0.4782608695652174,
        0.43478260869565216,
        0.5869565217391305,
        0.4782608695652174,
        0.6086956521739131,
        0.5652173913043478,
        0.5869565217391305,
        0.6521739130434783,
        0.6086956521739131,
        0.6086956521739131,
        0.5434782608695652,
        0.6086956521739131,
        0.6304347826086957,
        0.5434782608695652,
        0.5652173913043478,
        0.6086956521739131,
        0.5434782608695652,
        0.6086956521739131,
        0.6086956521739131,
        0.6086956521739131,
        0.5,
        0.5434782608695652,
        0.5217391304347826,
        0.5434782608695652,
        0.6086956521739131,
        0.5869565217391305,
        0.5,
        0.5,
        0.8695652173913043,
        0.8043478260869565,
        0.8260869565217391,
        0.8260869565217391,
        0.7391304347826086,
        0.717391304347826,
        0.8478260869565217,
        0.6086956521739131,
        0.6304347826086957,
        0.0,
        0.0,
        0.0,
        0.0,
        0.0,
        0.0
    ],
    "Hive": [
        0.7857142857142857,
        0.7857142857142857,
        0.8214285714285714,
        0.8214285714285714,
        0.8214285714285714,
        0.75,
        0.8571428571428571,
        0.75,
        0.7857142857142857,
        0.7142857142857143,
        0.0,
        0.7857142857142857,
        0.7857142857142857,
        0.7857142857142857,
        0.8214285714285714,
        0.8214285714285714,
        0.8571428571428571,
        0.8928571428571429,
        0.7857142857142857,
        0.7857142857142857,
        0.8214285714285714,
        0.7857142857142857,
        0.7857142857142857,
        0.8214285714285714,
        0.7857142857142857,
        0.8571428571428571,
        0.9642857142857143,
        0.9642857142857143,
        0.0,
        0.9285714285714286,
        0.9285714285714286,
        0.9285714285714286,
        1.0,
        0.9642857142857143,
        0.9642857142857143,
        0.9285714285714286,
        0.8928571428571429,
        0.9285714285714286,
        0.9642857142857143,
        0.9285714285714286,
        0.9642857142857143,
        0.9285714285714286,
        1.0,
        0.8214285714285714,
        0.8928571428571429,
        0.7857142857142857,
        0.0
    ],
    "Pine Lake": [
        0.4074074074074074,
        0.4074074074074074,
        0.5555555555555556,
        0.5925925925925926,
        0.0,
        0.7037037037037037,
        0.7407407407407407,
        0.7777777777777778,
        0.8148148148148148,
        0.7407407407407407,
        0.0,
        0.7407407407407407,
        0.8888888888888888,
        0.9629629629629629,
        0.9629629629629629,
        0.7777777777777778,
        0.9259259259259259,
        0.9259259259259259,
        0.8888888888888888,
        0.9259259259259259,
        0.7777777777777778,
        0.8518518518518519,
        0.8888888888888888,
        0.7777777777777778,
        0.8518518518518519,
        0.0,
        0.7407407407407407,
        0.9629629629629629,
        0.9259259259259259,
        0.8148148148148148,
        0.8148148148148148,
        0.0,
        0.9629629629629629,
        0.8888888888888888,
        0.8148148148148148,
        0.9259259259259259,
        0.8888888888888888,
        0.8888888888888888,
        0.8888888888888888,
        0.9259259259259259,
        0.8148148148148148,
        0.8148148148148148,
        0.8148148148148148,
        0.8148148148148148,
        0.8148148148148148,
        0.7777777777777778,
        0.0
    ]
}